{
  "Random_User_Test" : {
    "transaction" : "Random_User_Test",
    "sampleCount" : 4000,
    "errorCount" : 0,
    "errorPct" : 0.0,
    "meanResTime" : 1209.8394999999982,
    "medianResTime" : 977.0,
    "minResTime" : 892.0,
    "maxResTime" : 18314.0,
    "pct1ResTime" : 1958.9,
    "pct2ResTime" : 2244.95,
    "pct3ResTime" : 3366.9699999999993,
    "throughput" : 3.332455786642851,
    "receivedKBytesPerSec" : 5.0781354139243335,
    "sentKBytesPerSec" : 0.4425917841635036
  },
  "Total" : {
    "transaction" : "Total",
    "sampleCount" : 4000,
    "errorCount" : 0,
    "errorPct" : 0.0,
    "meanResTime" : 1209.8394999999982,
    "medianResTime" : 977.0,
    "minResTime" : 892.0,
    "maxResTime" : 18314.0,
    "pct1ResTime" : 1958.9,
    "pct2ResTime" : 2244.95,
    "pct3ResTime" : 3366.9699999999993,
    "throughput" : 3.332455786642851,
    "receivedKBytesPerSec" : 5.0781354139243335,
    "sentKBytesPerSec" : 0.4425917841635036
  }
}